{
    "tests": {
        "Algorytm brute-force rozwi\u0105zuj\u0105cy problem P||Cmax": {
            "Sekwencyjny": {
                "10": [
                    0.039185285568237305,
                    0.035398006439208984,
                    0.03528714179992676,
                    0.033811330795288086,
                    0.03694343566894531,
                    0.03614068031311035,
                    0.03580951690673828,
                    0.03450584411621094,
                    0.033502817153930664,
                    0.03456568717956543
                ],
                "11": [
                    0.12843966484069824,
                    0.1284012794494629,
                    0.12823009490966797,
                    0.1296064853668213,
                    0.12815523147583008,
                    0.12861227989196777,
                    0.13340997695922852,
                    0.12830305099487305,
                    0.1280970573425293,
                    0.12983489036560059
                ],
                "12": [
                    0.514631986618042,
                    0.5145759582519531,
                    0.5138261318206787,
                    0.5138392448425293,
                    0.5142784118652344,
                    0.5195379257202148,
                    0.5138230323791504,
                    0.5132482051849365,
                    0.5135955810546875,
                    0.5127499103546143
                ],
                "13": [
                    2.0845439434051514,
                    2.0862467288970947,
                    2.087270498275757,
                    2.0892908573150635,
                    2.0844316482543945,
                    2.083350896835327,
                    2.085228204727173,
                    2.0846996307373047,
                    2.0867109298706055,
                    2.0857090950012207
                ],
                "14": [
                    8.47420597076416,
                    8.483271598815918,
                    8.532187700271606,
                    8.481971263885498,
                    8.488113403320312,
                    8.48822808265686,
                    8.492434740066528,
                    8.480520725250244,
                    8.479660272598267,
                    8.584694147109985
                ],
                "15": [
                    34.53973889350891,
                    34.5462646484375,
                    34.67893981933594,
                    34.56919765472412,
                    34.50206160545349,
                    34.513636112213135,
                    34.59377455711365,
                    34.51008081436157,
                    34.52344822883606,
                    34.51273965835571
                ]
            },
            "Zr\u00f3wnoleglony - 1 w\u0105tek": {
                "10": [
                    0.03302907943725586,
                    0.03785419464111328,
                    0.03623080253601074,
                    0.03491020202636719,
                    0.03363442420959473,
                    0.03299093246459961,
                    0.03315114974975586,
                    0.03362774848937988,
                    0.03386950492858887,
                    0.033025503158569336
                ],
                "11": [
                    0.1242532730102539,
                    0.12642359733581543,
                    0.1256725788116455,
                    0.12606549263000488,
                    0.12642931938171387,
                    0.12636351585388184,
                    0.1261279582977295,
                    0.12549519538879395,
                    0.12723660469055176,
                    0.12518000602722168
                ],
                "12": [
                    0.5063350200653076,
                    0.50286865234375,
                    0.5099892616271973,
                    0.5030481815338135,
                    0.5069663524627686,
                    0.5024552345275879,
                    0.5022289752960205,
                    0.4980900287628174,
                    0.5020122528076172,
                    0.50103759765625
                ],
                "13": [
                    2.0607194900512695,
                    2.0542609691619873,
                    2.0610511302948,
                    2.076444625854492,
                    2.055121421813965,
                    2.0578324794769287,
                    2.0588772296905518,
                    2.0557820796966553,
                    2.057403564453125,
                    2.0584235191345215
                ],
                "14": [
                    8.601271629333496,
                    8.413078546524048,
                    8.430968046188354,
                    8.389680862426758,
                    8.41753339767456,
                    8.420900344848633,
                    8.412358283996582,
                    8.420796394348145,
                    8.421447515487671,
                    8.78193473815918
                ],
                "15": [
                    34.46849489212036,
                    34.52810287475586,
                    34.445635080337524,
                    34.46460199356079,
                    34.464951276779175,
                    34.634724855422974,
                    34.501630544662476,
                    34.437533378601074,
                    34.46677851676941,
                    33.86476516723633
                ]
            },
            "Zr\u00f3wnoleglony - 2 w\u0105tki": {
                "10": [
                    0.030853271484375,
                    0.02054619789123535,
                    0.02008509635925293,
                    0.019922733306884766,
                    0.019252538681030273,
                    0.01943492889404297,
                    0.019431352615356445,
                    0.02096843719482422,
                    0.01888895034790039,
                    0.020121097564697266
                ],
                "11": [
                    0.0662987232208252,
                    0.06663799285888672,
                    0.06627058982849121,
                    0.06701183319091797,
                    0.06644034385681152,
                    0.06689858436584473,
                    0.06665921211242676,
                    0.06811690330505371,
                    0.06704235076904297,
                    0.06753730773925781
                ],
                "12": [
                    0.2583012580871582,
                    0.2588005065917969,
                    0.2979416847229004,
                    0.29570913314819336,
                    0.25707459449768066,
                    0.2575056552886963,
                    0.2583339214324951,
                    0.2948482036590576,
                    0.25771188735961914,
                    0.25809526443481445
                ],
                "13": [
                    1.080517292022705,
                    1.0843210220336914,
                    1.0420823097229004,
                    1.0463354587554932,
                    1.0434503555297852,
                    1.0431785583496094,
                    1.0472073554992676,
                    1.0509259700775146,
                    1.0428361892700195,
                    1.0410072803497314
                ],
                "14": [
                    4.2797160148620605,
                    4.275979280471802,
                    4.253324270248413,
                    4.32631254196167,
                    4.25101375579834,
                    4.308347463607788,
                    4.252354621887207,
                    4.287538290023804,
                    4.269412994384766,
                    5.112263441085815
                ],