{
    "tests": {
        "Algorytm brute-force rozwi\u0105zuj\u0105cy problem P||Cmax": {
            "Sekwencyjny": {
                "3": [
                    0.0049648284912109375,
                    0.004832029342651367,
                    0.0038633346557617188,
                    0.003963470458984375,
                    0.004033803939819336,
                    0.003939390182495117,
                    0.006115913391113281,
                    0.0055043697357177734,
                    0.003955364227294922,
                    0.003970146179199219
                ],
                "4": [
                    0.03367042541503906,
                    0.03464460372924805,
                    0.033748626708984375,
                    0.0338287353515625,
                    0.034766435623168945,
                    0.034030914306640625,
                    0.03464984893798828,
                    0.03391671180725098,
                    0.033865928649902344,
                    0.0342562198638916
                ],
                "5": [
                    0.2908039093017578,
                    0.2960517406463623,
                    0.29497575759887695,
                    0.2911500930786133,
                    0.2904388904571533,
                    0.2905237674713135,
                    0.29158926010131836,
                    0.29233789443969727,
                    0.29604506492614746,
                    0.2915503978729248
                ],
                "6": [
                    1.7917301654815674,
                    1.7935872077941895,
                    1.7941150665283203,
                    1.7937893867492676,
                    1.7911248207092285,
                    1.794675588607788,
                    1.795382022857666,
                    1.793053388595581,
                    1.7908501625061035,
                    1.7943506240844727
                ],
                "7": [
                    8.440217733383179,
                    8.445017576217651,
                    8.4385244846344,
                    8.4389967918396,
                    8.44672179222107,
                    8.436126232147217,
                    8.440056324005127,
                    8.43907380104065,
                    8.441567182540894,
                    8.49257206916809
                ]
            },
            "Zr\u00f3wnoleglony - 1 w\u0105tek": {
                "3": [
                    0.0076923370361328125,
                    0.007863044738769531,
                    0.00449681282043457,
                    0.003899812698364258,
                    0.003893136978149414,
                    0.0038237571716308594,
                    0.0039043426513671875,
                    0.007302284240722656,
                    0.004833698272705078,
                    0.0038499832153320312
                ],
                "4": [
                    0.033442020416259766,
                    0.033370018005371094,
                    0.034085750579833984,
                    0.03470730781555176,
                    0.03594326972961426,
                    0.033631086349487305,
                    0.033720970153808594,
                    0.03361082077026367,
                    0.03346133232116699,
                    0.03353476524353027
                ],
                "5": [
                    0.2904055118560791,
                    0.2899055480957031,
                    0.2843031883239746,
                    0.28525328636169434,
                    0.28870272636413574,
                    0.2854442596435547,
                    0.28578782081604004,
                    0.28752923011779785,
                    0.3502931594848633,
                    0.27332472801208496
                ],
                "6": [
                    1.7279934883117676,
                    1.7472758293151855,
                    1.737269401550293,
                    1.7377710342407227,
                    1.7278022766113281,
                    1.7465245723724365,
                    1.7308118343353271,
                    1.737147331237793,
                    1.7416024208068848,
                    1.7445738315582275
                ],
                "7": [
                    8.265510320663452,
                    8.272945404052734,
                    8.265926837921143,
                    8.262193202972412,
                    8.26221752166748,
                    8.257178544998169,
                    8.271618604660034,
                    8.26320767402649,
                    8.262112379074097,
                    8.26833701133728
                ]
            },
            "Zr\u00f3wnoleglony - 2 w\u0105tki": {
                "3": [
                    0.004266500473022461,
                    0.0062906742095947266,
                    0.0057811737060546875,
                    0.004340410232543945,
                    0.0033805370330810547,
                    0.0034465789794921875,
                    0.0035686492919921875,
                    0.003448963165283203,
                    0.006229877471923828,
                    0.0042994022369384766
                ],
                "4": [
                    0.01940608024597168,
                    0.019042491912841797,
                    0.018726587295532227,
                    0.020099878311157227,
                    0.020114421844482422,
                    0.019988059997558594,
                    0.01889777183532715,
                    0.01884770393371582,
                    0.019036293029785156,
                    0.019169092178344727
                ],
                "5": [
                    0.17151856422424316,
                    0.17463135719299316,
                    0.17417407035827637,
                    0.21039843559265137,
                    0.17369437217712402,
                    0.17639708518981934,
                    0.16493678092956543,
                    0.17418718338012695,
                    0.17349672317504883,
                    0.17645978927612305
                ],
                "6": [
                    0.8823494911193848,
                    0.9043488502502441,
                    0.8732349872589111,
                    0.8731167316436768,
                    0.8721930980682373,
                    0.8752908706665039,
                    0.8733136653900146,
                    0.8749351501464844,
                    0.8760130405426025,
                    0.8768100738525391
                ],
                "7": [
                    4.7400243282318115,
                    4.7176713943481445,
                    4.717891216278076,
                    4.72260308265686,
                    4.731199026107788,
                    4.7171430587768555,
                    4.743192434310913,
                    4.72028112411499,
                    4.7318220138549805,
                    4.712968111038208
                ]
            },
            "Zr\u00f3wnoleglony - 4 w\u0105tki": {
                "3": [
                    0.0033419132232666016,
                    0.0034110546112060547,
                    0.006095409393310547,
                    0.008328914642333984,
                    0.0045468807220458984,
                    0.003365039825439453,
                    0.003389120101928711,
                    0.003240823745727539,
                    0.004985332489013672,
                    0.007771015167236328
                ],
                "4": [
                    0.018028974533081055,
                    0.018909692764282227,
                    0.0188601016998291,
                    0.018501996994018555,
                    0.019031763076782227,
                    0.018932819366455078,
                    0.019361257553100586,
                    0.01850104331970215,
                    0.019615650177001953,
                    0.019512176513671875
                ],